{
    "root_group": {
        "id": "d41d8cd98f00b204e9800998ecf8427e",
        "groups": {},
        "checks": {
                "status is 200": {
                    "name": "status is 200",
                    "path": "::status is 200",
                    "id": "6210a8cd14cd70477eba5c5e4cb3fb5f",
                    "passes": 15782,
                    "fails": 0
                },
                "has result": {
                    "name": "has result",
                    "path": "::has result",
                    "id": "69bdbb6f4f21f6c47ba04b66e4d77ae4",
                    "passes": 15782,
                    "fails": 0
                }
            },
        "name": "",
        "path": ""
    },
    "metrics": {
        "dropped_iterations": {
            "count": 10110,
            "rate": 162.60016676890694
        },
        "http_req_blocked": {
            "p(90)": 0.005,
            "p(95)": 0.008,
            "avg": 3.751956089214417,
            "min": 0,
            "med": 0.002,
            "max": 642.661
        },
        "method_latency_eth_blockNumber": {
            "p(95)": 333.4499999999999,
            "avg": 297.3706140350877,
            "min": 240,
            "med": 296,
            "max": 1347,
            "p(90)": 320
        },
        "iterations": {
            "rate": 126.91176221300145,
            "count": 7891
        },
        "method_latency_eth_getBlockByNumber": {
            "avg": 591.8315789473684,
            "min": 303,
            "med": 598,
            "max": 1656,
            "p(90)": 639,
            "p(95)": 677.7999999999989
        },
        "method_latency_eth_getTransactionCount": {
            "p(90)": 321,
            "p(95)": 334,
            "avg": 301.47800776196635,
            "min": 240,
            "med": 298,
            "max": 873
        },
        "method_calls_eth_blockNumber": {
            "count": 3192,
            "rate": 51.33726333593976
        },
        "client_nethermind_method_calls_eth_getBlockByNumber": {
            "count": 760,
            "rate": 12.223157937128514
        },
        "method_calls_eth_call": {
            "count": 6194,
            "rate": 99.61873718759739
        },
        "http_req_sending": {
            "avg": 0.014994424027372371,
            "min": 0.002,
            "med": 0.008,
            "max": 15.634,
            "p(90)": 0.019,
            "p(95)": 0.027
        },
        "data_sent": {
            "rate": 67418.33941387192,
            "count": 4191874
        },
        "http_req_tls_handshaking": {
            "med": 0,
            "max": 0,
            "p(90)": 0,
            "p(95)": 0,
            "avg": 0,
            "min": 0
        },
        "http_req_duration": {
            "avg": 323.8403841084783,
            "min": 240.139,
            "med": 300.45550000000003,
            "max": 1655.658,
            "p(90)": 511.3607,
            "p(95)": 613.93795,
            "thresholds": {
                "p(95)<1000": false
            }
        },
        "client_nethermind_method_calls_eth_call": {
            "count": 3097,
            "rate": 49.809368593798695
        },
        "client_nethermind_method_latency_eth_call": {
            "min": 240,
            "med": 259,
            "max": 1229,
            "p(90)": 273,
            "p(95)": 285,
            "avg": 269.29254116887313
        },
        "client_nethermind_method_calls_eth_getTransactionCount": {
            "count": 773,
            "rate": 12.432238270263607
        },
        "checks": {
            "fails": 0,
            "passes": 31564,
            "value": 1
        },
        "client_geth_method_latency_eth_blockNumber": {
            "avg": 326.5407268170426,
            "min": 293,
            "med": 309,
            "max": 1347,
            "p(90)": 329,
            "p(95)": 342
        },
        "method_calls_eth_getBlockByNumber": {
            "count": 1520,
            "rate": 24.446315874257028
        },
        "http_req_waiting": {
            "med": 295.663,
            "max": 1417.95,
            "p(90)": 318.3807,
            "p(95)": 328.3165,
            "avg": 295.86320580408113,
            "min": 240.115
        },
        "http_req_duration{expected_response:true}": {
            "min": 240.139,
            "med": 300.45550000000003,
            "max": 1655.658,
            "p(90)": 511.3607,
            "p(95)": 613.93795,
            "avg": 323.8403841084783
        },
        "data_received": {
            "count": 31918403,
            "rate": 513346.94864462706
        },
        "method_calls_eth_getBalance": {
            "count": 3330,
            "rate": 53.55673148768152
        },
        "client_geth_method_latency_eth_getBalance": {
            "min": 292,
            "med": 310,
            "max": 1366,
            "p(90)": 328,
            "p(95)": 344,
            "avg": 330.1933933933934
        },
        "client_geth_method_calls_eth_getBlockByNumber": {
            "count": 760,
            "rate": 12.223157937128514
        },
        "http_req_failed": {
            "passes": 0,
            "fails": 15782,
            "thresholds": {
                "rate<0.01": false
            },
            "value": 0
        },
        "vus": {
            "min": 1,
            "max": 100,
            "value": 1
        },
        "client_geth_method_calls_eth_blockNumber": {
            "count": 1596,
            "rate": 25.66863166796988
        },
        "client_nethermind_method_latency_eth_getBalance": {
            "med": 259,
            "max": 777,
            "p(90)": 275,
            "p(95)": 287.79999999999995,
            "avg": 269.74234234234234,
            "min": 241
        },
        "http_req_connecting": {
            "med": 0,
            "max": 642.623,
            "p(90)": 0,
            "p(95)": 0,
            "avg": 3.7485747687238606,
            "min": 0
        },
        "rpc_calls": {
            "count": 15782,
            "rate": 253.8235244260029
        },
        "method_latency_eth_call": {
            "p(90)": 320,
            "p(95)": 333,
            "avg": 299.8391992250565,
            "min": 240,
            "med": 297,
            "max": 1418
        },
        "method_latency_eth_getBalance": {
            "min": 241,
            "med": 296,
            "max": 1366,
            "p(90)": 320,
            "p(95)": 334,
            "avg": 299.9678678678679
        },
        "client_nethermind_method_latency_eth_blockNumber": {
            "avg": 268.2005012531328,
            "min": 240,
            "med": 258,
            "max": 793,
            "p(90)": 275,
            "p(95)": 285
        },
        "client_geth_method_calls_eth_getTransactionCount": {
            "count": 773,
            "rate": 12.432238270263607
        },
        "client_nethermind_method_calls_eth_blockNumber": {
            "count": 1596,
            "rate": 25.66863166796988
        },
        "client_nethermind_method_latency_eth_getBlockByNumber": {
            "avg": 542.3934210526315,
            "min": 484,
            "med": 520,
            "max": 1553,
            "p(90)": 550,
            "p(95)": 602.8999999999987
        },
        "client_nethermind_method_latency_eth_getTransactionCount": {
            "p(90)": 276,
            "p(95)": 287.4,
            "avg": 272.4010349288486,
            "min": 240,
            "med": 259,
            "max": 835
        },
        "client_geth_method_calls_eth_call": {
            "count": 3097,
            "rate": 49.809368593798695
        },
        "client_geth_method_latency_eth_getTransactionCount": {
            "p(90)": 328,
            "p(95)": 347.99999999999983,
            "avg": 330.5549805950841,
            "min": 293,
            "med": 310,
            "max": 873
        },
        "http_reqs": {
            "count": 15782,
            "rate": 253.8235244260029
        },